id,x_coord,y_coord,demand
0,74.90802376947249,96.99098521619943,0
1,190.14286128198324,83.24426408004217,2
2,146.398788362281,21.233911067827616,2
3,119.73169683940732,18.182496720710063,2
4,31.203728088487303,18.34045098534338,1
5,31.19890406724053,30.42422429595377,2
6,11.616722433639893,52.475643163223786,2
7,173.23522915498702,43.194501864211574,1
8,120.22300234864176,29.122914019804192,2
9,141.6145155592091,61.18528947223795,1
10,4.116898859160489,13.949386065204184,2
